#Resources - stored as s_a,s_b,r_a,r_b
#Water
0.00059685,0.00023262,216.7, 250
#Education
0.088,0.069,40400,44000
#Housing/Infrastructure
0.437,0.403,176680,207045
#Healthcare
0.00218 ,0.00192,844,1000
#GDP
64277.74,35000,27037262670,28263548330